"","Go.ID","Description","p.Val","FDR","qvalue","Phenotype","Genes","X__mclCluster"
"1","GO:0035456","response to interferon-beta",6.15766179150564e-27,1.37685317658066e-23,1.2218097344198e-23,"DOWN","Gbp2,Stat1,Gbp3,Irgm1,Xaf1,Iigp1,Igtp,Gbp6,Irgm2,Tgtp1,Ifitm3,Gm4951,Ifit1,Bst2,Oas1a,Tgtp2,Ifit3,Ifi47,Oas1g,Irf1,Ifi203,Ifi202b",NA
"2","GO:0035458","cellular response to interferon-beta",1.29227615425142e-23,1.44476474045308e-20,1.28207397408627e-20,"DOWN","Gbp2,Stat1,Gbp3,Irgm1,Iigp1,Igtp,Gbp6,Irgm2,Tgtp1,Gm4951,Ifit1,Oas1a,Tgtp2,Ifit3,Ifi47,Oas1g,Irf1,Ifi203,Ifi202b",NA
"3","GO:0034341","response to interferon-gamma",3.34314341227412e-22,2.49175622328164e-19,2.21116678320586e-19,"DOWN","Gbp2,Stat1,Gbp3,Irgm1,Gbp7,Igtp,Gbp6,Irgm2,Tgtp1,Gbp9,Ifitm3,Gbp10,Gbp4,Bst2,Ubd,Parp14,Gbp8,Parp9,Nlrc5,Irf1,Gbp5,Cd74,H2-Q7,H2-Aa,H2-Ab1",12
"4","GO:0009617","response to bacterium",1.8838764538689e-21,1.05308693771272e-18,9.34501872511285e-19,"DOWN","Gbp2,Stat1,Gbp3,Irgm1,Gbp7,Psmb9,Isg15,Cxcl9,Iigp1,Igtp,Gbp6,Irgm2,Romo1,Tgtp1,Ifi44,Fau,Gbp9,Gbp10,Gbp4,B2m,Ifit1,Oas1a,Gbp8,Tap2,Ifit3,Nlrc5,Oas3,Oas1g,Plaat3,Cxcl10,Mt2,Ly6a,Herc6,Slfn2,Gas5,Usp18,Gbp5,Eif2ak2,H2-K1,Lgals9,Ptgs2,Hmgb2,C3",5
"5","GO:0009615","response to virus",2.34037556925262e-20,1.04661595456977e-17,9.28759568008672e-18,"DOWN","Stat1,Irgm1,Zbp1,Isg15,Cxcl9,Irf7,Oasl2,Samhd1,Igtp,Tgtp1,Stat2,Rtp4,Ifitm3,Gbp4,Ifit1,Dtx3l,Bst2,Oas1a,Ifit3b,Parp9,Ifit3,Rsad2,Oas3,Oas1g,Irf1,Ifih1,Ddx60,Cxcl10,Ifi27l2a,Eif2ak2,Ifit2,Lgals9",4
"6","GO:0019882","antigen processing and presentation",1.73491441848825e-18,6.46544773289954e-16,5.7373924190357e-16,"DOWN","Psmb9,Psme1,Tap1,Tapbp,Psme2,B2m,Psmb8,H2-T22,Tap2,Tapbpl,H2-T23,Gm7030,H2-Q6,H2-K1,Cd74,H2-Q7,H2-Aa,H2-D1,H2-Ab1,H2-Q4",3
"7","GO:0051607","defense response to virus",1.01243076094015e-17,2.82974397682773e-15,2.5110947162792e-15,"DOWN","Stat1,Zbp1,Isg15,Cxcl9,Irf7,Oasl2,Samhd1,Stat2,Rtp4,Ifitm3,Gbp4,Ifit1,Dtx3l,Bst2,Oas1a,Ifit3b,Parp9,Ifit3,Rsad2,Oas3,Oas1g,Irf1,Ifih1,Ddx60,Cxcl10,Eif2ak2,Ifit2",4
"8","GO:0140546","defense response to symbiont",1.01243076094015e-17,2.82974397682773e-15,2.5110947162792e-15,"DOWN","Stat1,Zbp1,Isg15,Cxcl9,Irf7,Oasl2,Samhd1,Stat2,Rtp4,Ifitm3,Gbp4,Ifit1,Dtx3l,Bst2,Oas1a,Ifit3b,Parp9,Ifit3,Rsad2,Oas3,Oas1g,Irf1,Ifih1,Ddx60,Cxcl10,Eif2ak2,Ifit2",4
"9","GO:0048002","antigen processing and presentation of peptide antigen",2.08042932901213e-17,5.16104767427123e-15,4.57987706713175e-15,"DOWN","Tap1,Tapbp,B2m,H2-T22,Tap2,Tapbpl,H2-T23,Gm7030,H2-Q6,H2-K1,Cd74,H2-Q7,H2-Aa,H2-D1,H2-Ab1,H2-Q4",3
"10","GO:0045088","regulation of innate immune response",2.30816085611414e-17,5.16104767427123e-15,4.57987706713175e-15,"DOWN","Irgm1,Zbp1,Isg15,Tap1,Irf7,Samhd1,Igtp,Stat2,Oas1a,Parp14,Parp9,Tap2,Nlrc5,Oas3,Oas1g,Irf1,Serping1,Ifi203,Ifi35,Trafd1,Gbp5,Clec2d,Cd74,Lgals9,Hmgb2",7
"11","GO:0002831","regulation of response to biotic stimulus",2.26295662632052e-16,4.42315522557115e-14,3.92507654655947e-14,"DOWN","Stat1,Irgm1,Zbp1,Isg15,Tap1,Irf7,Samhd1,Igtp,Stat2,Gbp4,Dtx3l,Oas1a,Parp14,Parp9,Tap2,Nlrc5,Oas3,Oas1g,Irf1,Serping1,Ifi203,Ddx60,Ifi35,Trafd1,Gbp5,Clec2d,Cd74,Lgals9,Hmgb2",7
"12","GO:0002483","antigen processing and presentation of endogenous peptide antigen",2.57160187533207e-16,4.42315522557115e-14,3.92507654655947e-14,"DOWN","Tap1,Tapbp,B2m,H2-T22,Tap2,H2-T23,Gm7030,H2-Q6,H2-K1,H2-Q7,H2-D1,H2-Q4",3
"13","GO:0019885","antigen processing and presentation of endogenous peptide antigen via MHC class I",2.57160187533207e-16,4.42315522557115e-14,3.92507654655947e-14,"DOWN","Tap1,Tapbp,B2m,H2-T22,Tap2,H2-T23,Gm7030,H2-Q6,H2-K1,H2-Q7,H2-D1,H2-Q4",3
"14","GO:0002474","antigen processing and presentation of peptide antigen via MHC class I",7.03794615420445e-16,1.12406054291437e-13,9.97483345915443e-14,"DOWN","Tap1,Tapbp,B2m,H2-T22,Tap2,Tapbpl,H2-T23,Gm7030,H2-Q6,H2-K1,H2-Q7,H2-D1,H2-Q4",3
"15","GO:0019883","antigen processing and presentation of endogenous antigen",8.94226354125449e-16,1.33299341854967e-13,1.1828888965098e-13,"DOWN","Tap1,Tapbp,B2m,H2-T22,Tap2,H2-T23,Gm7030,H2-Q6,H2-K1,H2-Q7,H2-D1,H2-Q4",3
"16","GO:0071346","cellular response to interferon-gamma",2.45425874452233e-15,3.42982659546995e-13,3.04360377198986e-13,"DOWN","Gbp2,Stat1,Gbp3,Irgm1,Gbp7,Igtp,Gbp6,Gbp9,Gbp10,Gbp4,Parp14,Gbp8,Parp9,Nlrc5,Irf1,Gbp5,H2-Q7,H2-Ab1",12
"17","GO:0002428","antigen processing and presentation of peptide antigen via MHC class Ib",2.09645614293809e-14,2.75745643271151e-12,2.4469472628101e-12,"DOWN","B2m,H2-T22,Tap2,H2-T23,Gm7030,H2-Q6,H2-K1,H2-Q7,H2-D1,H2-Q4",3
"18","GO:0042742","defense response to bacterium",4.03581528344441e-14,5.01337942987872e-12,4.44883731537586e-12,"DOWN","Gbp2,Gbp3,Irgm1,Gbp7,Isg15,Iigp1,Igtp,Gbp6,Irgm2,Romo1,Fau,Gbp9,Gbp10,Gbp4,B2m,Oas1a,Gbp8,Oas3,Oas1g,H2-K1,Lgals9,Hmgb2",5
"19","GO:0002475","antigen processing and presentation via MHC class Ib",1.62391042328984e-13,1.86890245655079e-11,1.65845077233699e-11,"DOWN","B2m,H2-T22,Tap2,H2-T23,Gm7030,H2-Q6,H2-K1,H2-Q7,H2-D1,H2-Q4",3
"20","GO:0045824","negative regulation of innate immune response",1.67164799333702e-13,1.86890245655079e-11,1.65845077233699e-11,"DOWN","Isg15,Tap1,Samhd1,Stat2,Oas1a,Parp14,Tap2,Nlrc5,Oas3,Oas1g,Serping1,Trafd1,Clec2d,Lgals9",7
"21","GO:0002476","antigen processing and presentation of endogenous peptide antigen via MHC class Ib",7.99469321260225e-13,8.12551546517211e-11,7.21052473959581e-11,"DOWN","H2-T22,Tap2,H2-T23,Gm7030,H2-Q6,H2-K1,H2-Q7,H2-D1,H2-Q4",3
"22","GO:0002484","antigen processing and presentation of endogenous peptide antigen via MHC class I via ER pathway",7.99469321260225e-13,8.12551546517211e-11,7.21052473959581e-11,"DOWN","H2-T22,Tap2,H2-T23,Gm7030,H2-Q6,H2-K1,H2-Q7,H2-D1,H2-Q4",NA
"23","GO:0042832","defense response to protozoan",2.28854880947395e-12,2.22486745129729e-10,1.97433158162856e-10,"DOWN","Gbp2,Gbp3,Gbp7,Iigp1,Gbp6,Irgm2,Gbp9,Gbp10,Gbp4,Gbp8",NA
"24","GO:0031347","regulation of defense response",5.00411686567814e-12,4.6621688798568e-10,4.13717556658039e-10,"DOWN","Stat1,Irgm1,Zbp1,Isg15,Tap1,Irf7,Samhd1,Igtp,Stat2,Gbp4,Dtx3l,Oas1a,Parp14,Parp9,Tap2,Nlrc5,Oas3,Oas1g,Irf1,Serping1,Ifi203,Ifi35,Trafd1,Gbp5,Clec2d,Cd74,Lgals9,Nupr1,Ptgs2,Hmgb2,C3",7
"25","GO:0001562","response to protozoan",8.29317178190911e-12,7.13212773244184e-10,6.32899951777275e-10,"DOWN","Gbp2,Gbp3,Gbp7,Iigp1,Gbp6,Irgm2,Gbp9,Gbp10,Gbp4,Gbp8",NA
"26","GO:0001916","positive regulation of T cell mediated cytotoxicity",8.29317178190911e-12,7.13212773244184e-10,6.32899951777275e-10,"DOWN","B2m,H2-T22,Tap2,H2-T23,Gm7030,H2-Q6,H2-K1,H2-Q7,H2-D1,H2-Q4",1
"27","GO:0050778","positive regulation of immune response",1.20782400783475e-11,1.00025721537722e-09,8.8762115195653e-10,"DOWN","Irgm1,Zbp1,Irf7,Igtp,B2m,Parp9,H2-T22,Tap2,Nlrc5,Rsad2,Irf1,Serping1,Ifi203,Ifi35,H2-T23,Gm7030,Cfb,H2-Q6,Gbp5,H2-K1,Cd74,H2-Q7,Lgals9,H2-D1,H2-Ab1,H2-Q4,Hmgb2,C3,Lgals3",1
"28","GO:0001906","cell killing",1.40742832837597e-11,1.12393205080309e-09,9.97369322928082e-10,"DOWN","Cxcl9,Tap1,Romo1,B2m,H2-T22,Tap2,H2-T23,Cxcl10,Gm7030,H2-Q6,H2-K1,Clec2d,H2-Q7,Lgals9,H2-D1,H2-Q4,C3,Lgals3",1
"29","GO:0060337","type I interferon signaling pathway",1.63778877189236e-11,1.22069856465044e-09,1.08323924035688e-09,"DOWN","Stat1,Zbp1,Isg15,Irf7,Samhd1,Stat2,Ifitm3,Oas1a,Nlrc5,Oas3,Oas1g",6
"30","GO:0071357","cellular response to type I interferon",1.63778877189236e-11,1.22069856465044e-09,1.08323924035688e-09,"DOWN","Stat1,Zbp1,Isg15,Irf7,Samhd1,Stat2,Ifitm3,Oas1a,Nlrc5,Oas3,Oas1g",6
"31","GO:0019884","antigen processing and presentation of exogenous antigen",1.78826956253216e-11,1.28986152961997e-09,1.14461396447305e-09,"DOWN","Psme1,Tap1,Tapbp,Psme2,B2m,Tap2,H2-K1,Cd74,H2-Aa,H2-Ab1",3
"32","GO:0002486","antigen processing and presentation of endogenous peptide antigen via MHC class I via ER pathway, TAP-independent",2.89247898662811e-11,2.02111969190639e-09,1.7935272663796e-09,"DOWN","H2-T22,H2-T23,Gm7030,H2-Q6,H2-K1,H2-Q7,H2-D1,H2-Q4",NA
"33","GO:0035455","response to interferon-alpha",6.04555943995359e-11,4.09632451749583e-09,3.63504929643143e-09,"DOWN","Tgtp1,Ifitm3,Ifit1,Bst2,Oas1a,Ifit3,Oas1g,Eif2ak2,Ifit2",NA
"34","GO:0034340","response to type I interferon",8.33557344198605e-11,5.48186535772965e-09,4.86456840190208e-09,"DOWN","Stat1,Zbp1,Isg15,Irf7,Samhd1,Stat2,Ifitm3,Oas1a,Nlrc5,Oas3,Oas1g",6
"35","GO:0002832","negative regulation of response to biotic stimulus",8.75149901861458e-11,5.5909576587492e-09,4.96137613536496e-09,"DOWN","Isg15,Tap1,Samhd1,Stat2,Oas1a,Parp14,Tap2,Nlrc5,Oas3,Oas1g,Serping1,Trafd1,Clec2d,Lgals9",7
"36","GO:0001914","regulation of T cell mediated cytotoxicity",9.59120826156772e-11,5.9572060202404e-09,5.28638233130268e-09,"DOWN","B2m,H2-T22,Tap2,H2-T23,Gm7030,H2-Q6,H2-K1,H2-Q7,H2-D1,H2-Q4",1
"37","GO:0006119","oxidative phosphorylation",1.01851207730281e-10,6.15511622932183e-09,5.46200644584862e-09,"DOWN","Atp5e,Cox7c,Cox7a2,Atp5j2,Atp5k,Uqcrb,Uqcc2,Uqcr10,Ndufv3,Uqcrq,Cox5b,Ndufa7,Uqcrh,Nupr1",2
"38","GO:0001910","regulation of leukocyte mediated cytotoxicity",2.0644844758929e-10,1.21478612844645e-08,1.07799258644269e-08,"DOWN","Tap1,B2m,H2-T22,Tap2,H2-T23,Gm7030,H2-Q6,H2-K1,Clec2d,H2-Q7,Lgals9,H2-D1,H2-Q4",1
"39","GO:0060759","regulation of response to cytokine stimulus",2.32885237522067e-10,1.33520869512652e-08,1.18485471721754e-08,"DOWN","Irgm1,Zbp1,Isg15,Irf7,Samhd1,Igtp,Stat2,Oas1a,Parp14,Parp9,Nlrc5,Oas3,Oas1g,Ifih1,Cd74",6
"40","GO:0050777","negative regulation of immune response",2.46309776683315e-10,1.37687165165973e-08,1.22182612907381e-08,"DOWN","Col3a1,Isg15,Tap1,Samhd1,Stat2,Oas1a,Parp14,Tap2,Nlrc5,Oas3,Oas1g,Irf1,Serping1,Trafd1,Clec2d,Lgals9,Lgals3",10
"41","GO:0002711","positive regulation of T cell mediated immunity",3.36799104095256e-10,1.8367873091634e-08,1.62995201853545e-08,"DOWN","B2m,H2-T22,Tap2,Rsad2,H2-T23,Gm7030,H2-Q6,H2-K1,H2-Q7,H2-D1,H2-Q4",1
"42","GO:0060338","regulation of type I interferon-mediated signaling pathway",3.96358964630139e-10,2.11013963074521e-08,1.87252292813988e-08,"DOWN","Zbp1,Isg15,Irf7,Samhd1,Stat2,Oas1a,Nlrc5,Oas3,Oas1g",6
"43","GO:0001959","regulation of cytokine-mediated signaling pathway",7.08610606944382e-10,3.68477515611078e-08,3.26984331478619e-08,"DOWN","Irgm1,Zbp1,Isg15,Irf7,Samhd1,Igtp,Stat2,Oas1a,Parp14,Parp9,Nlrc5,Oas3,Oas1g,Cd74",6
"44","GO:0050830","defense response to Gram-positive bacterium",9.0913668045322e-10,4.620067312485e-08,4.09981493457971e-08,"DOWN","Gbp2,Gbp3,Gbp7,Gbp6,Romo1,Fau,Gbp9,Gbp10,Gbp4,B2m,Gbp8,Hmgb2",5
"45","GO:0002449","lymphocyte mediated immunity",1.23962449326052e-09,6.05667449635555e-08,5.37464995086631e-08,"DOWN","Tap1,Irf7,B2m,H2-T22,Tap2,Rsad2,Serping1,H2-T23,Gm7030,H2-Q6,H2-K1,Clec2d,Cd74,H2-Q7,H2-Aa,Lgals9,H2-D1,H2-Ab1,H2-Q4,C3",1
"46","GO:0031341","regulation of cell killing",1.24600638118227e-09,6.05667449635555e-08,5.37464995086631e-08,"DOWN","Tap1,B2m,H2-T22,Tap2,H2-T23,Gm7030,H2-Q6,H2-K1,Clec2d,H2-Q7,Lgals9,H2-D1,H2-Q4",1
"47","GO:0019221","cytokine-mediated signaling pathway",1.46884215155815e-09,6.98793840613621e-08,6.20104693322981e-08,"DOWN","Stat1,Irgm1,Zbp1,Isg15,Cxcl9,Iigp1,Irf7,Oasl2,Samhd1,Igtp,Stat2,Ifitm3,Oas1a,Parp14,Parp9,Nlrc5,Oas3,Oas1g,Irf1,Cxcl10,Cd74,Krt18",6
"48","GO:0002821","positive regulation of adaptive immune response",1.67398843355473e-09,7.70612630403338e-08,6.83836177530502e-08,"DOWN","B2m,H2-T22,Tap2,Rsad2,H2-T23,Gm7030,H2-Q6,H2-K1,Cd74,H2-Q7,H2-D1,H2-Ab1,H2-Q4,C3",1
"49","GO:0001913","T cell mediated cytotoxicity",1.68873071957798e-09,7.70612630403338e-08,6.83836177530502e-08,"DOWN","B2m,H2-T22,Tap2,H2-T23,Gm7030,H2-Q6,H2-K1,H2-Q7,H2-D1,H2-Q4",1
"50","GO:0002697","regulation of immune effector process",1.87410378239478e-09,8.38074237951723e-08,7.43701129149326e-08,"DOWN","Tek,Tap1,B2m,Bst2,H2-T22,Tap2,Rsad2,Irf1,Serping1,Ddx60,H2-T23,Gm7030,H2-Q6,H2-K1,Clec2d,Cd74,H2-Q7,Lgals9,H2-D1,H2-Q4,C3,Lgals3",1
"51","GO:0045333","cellular respiration",1.91152889693819e-09,8.38074237951723e-08,7.43701129149326e-08,"DOWN","Atp5e,Cox7c,Cox7a2,Atp5j2,Atp5k,Uqcrb,Ndufa5,Uqcc2,Uqcr10,Ndufv3,Oas1a,Oas1g,Uqcrq,Cox5b,Ndufa7,Uqcrh,Nupr1",2
"52","GO:0002478","antigen processing and presentation of exogenous peptide antigen",2.16071525302339e-09,9.29107558800057e-08,8.24483451811557e-08,"DOWN","Tap1,Tapbp,B2m,Tap2,H2-K1,Cd74,H2-Aa,H2-Ab1",3
"53","GO:0045071","negative regulation of viral genome replication",2.60999502205801e-09,1.10112242817391e-07,9.77128225735719e-08,"DOWN","Isg15,Oasl2,Ifitm3,Bst2,Oas1a,Rsad2,Oas3,Oas1g,Ifih1,Eif2ak2",9
"54","GO:0033108","mitochondrial respiratory chain complex assembly",3.63333578517791e-09,1.50447015104774e-07,1.33505613159071e-07,"DOWN","Ndufa3,Ndufc1,Cox17,Ndufa5,Ndufa2,Uqcc2,Pet100,Ndufb2,Ndufb4,Ndufa1,Cox20,Ndufa6",11
"55","GO:0060339","negative regulation of type I interferon-mediated signaling pathway",4.68165007057516e-09,1.90330355596474e-07,1.6889780637386e-07,"DOWN","Isg15,Samhd1,Stat2,Oas1a,Nlrc5,Oas3,Oas1g",6
"56","GO:0002252","immune effector process",5.51793254402656e-09,2.20323163722203e-07,1.95513211381392e-07,"DOWN","Tek,Tap1,Irf7,B2m,Bst2,H2-T22,Tap2,Rsad2,Irf1,Serping1,Ddx60,Ifi35,H2-T23,Gm7030,Cfb,H2-Q6,H2-K1,Clec2d,Cd74,H2-Q7,H2-Aa,Lgals9,H2-D1,H2-Ab1,H2-Q4,C3,Lgals3",1
"57","GO:0048525","negative regulation of viral process",6.35725416261712e-09,2.49382812414244e-07,2.21300537332101e-07,"DOWN","Stat1,Isg15,Oasl2,Ifitm3,Bst2,Oas1a,Rsad2,Oas3,Oas1g,Ifih1,Eif2ak2,Cd74",9
"58","GO:0060333","interferon-gamma-mediated signaling pathway",7.31733934476799e-09,2.79142198692521e-07,2.477088054493e-07,"DOWN","Stat1,Irgm1,Igtp,Parp14,Parp9,Nlrc5,Irf1",12
"59","GO:0002824","positive regulation of adaptive immune response based on somatic recombination of immune receptors built from immunoglobulin superfamily domains",7.36555891004416e-09,2.79142198692521e-07,2.477088054493e-07,"DOWN","B2m,H2-T22,Tap2,Rsad2,H2-T23,Gm7030,H2-Q6,H2-K1,H2-Q7,H2-D1,H2-Ab1,H2-Q4,C3",1
"60","GO:0002819","regulation of adaptive immune response",1.00670142898778e-08,3.75164065869445e-07,3.32917928709116e-07,"DOWN","Irf7,B2m,H2-T22,Tap2,Rsad2,Irf1,H2-T23,Gm7030,H2-Q6,H2-K1,Cd74,H2-Q7,H2-D1,H2-Ab1,H2-Q4,C3",1
"61","GO:0009060","aerobic respiration",1.57523100461916e-08,5.77412545299743e-07,5.12391793564644e-07,"DOWN","Atp5e,Cox7c,Cox7a2,Atp5j2,Atp5k,Uqcrb,Uqcc2,Uqcr10,Ndufv3,Uqcrq,Cox5b,Ndufa7,Uqcrh,Nupr1",2
"62","GO:0002706","regulation of lymphocyte mediated immunity",1.62646884985396e-08,5.86578120689266e-07,5.20525260097574e-07,"DOWN","Tap1,B2m,H2-T22,Tap2,Rsad2,H2-T23,Gm7030,H2-Q6,H2-K1,Clec2d,H2-Q7,Lgals9,H2-D1,H2-Q4,C3",1
"63","GO:0001909","leukocyte mediated cytotoxicity",2.22837608169626e-08,7.90896653757593e-07,7.01836075855881e-07,"DOWN","Tap1,B2m,H2-T22,Tap2,H2-T23,Gm7030,H2-Q6,H2-K1,Clec2d,H2-Q7,Lgals9,H2-D1,H2-Q4",1
"64","GO:0002709","regulation of T cell mediated immunity",2.46480965617995e-08,8.61142873627871e-07,7.64172072680792e-07,"DOWN","B2m,H2-T22,Tap2,Rsad2,H2-T23,Gm7030,H2-Q6,H2-K1,H2-Q7,H2-D1,H2-Q4",1
"65","GO:0046034","ATP metabolic process",2.65193252809619e-08,9.12264789665089e-07,8.09537298050416e-07,"DOWN","Atp5e,Cox7c,Cox7a2,Atp5j2,Atp5k,Uqcrb,Uqcc2,Uqcr10,Ndufv3,Atpif1,Atp5l,Uqcrq,Cox5b,Ndufa7,Slc2a6,Uqcrh,Nupr1",2
"66","GO:0001912","positive regulation of leukocyte mediated cytotoxicity",2.87466376115897e-08,9.73901237871434e-07,8.64233044622754e-07,"DOWN","B2m,H2-T22,Tap2,H2-T23,Gm7030,H2-Q6,H2-K1,H2-Q7,H2-D1,H2-Q4",1
"67","GO:0002443","leukocyte mediated immunity",3.19783568802286e-08,1.06721799976405e-06,9.47041676657202e-07,"DOWN","Tap1,Irf7,B2m,Bst2,H2-T22,Tap2,Rsad2,Serping1,H2-T23,Gm7030,H2-Q6,H2-K1,Clec2d,Cd74,H2-Q7,H2-Aa,Lgals9,H2-D1,H2-Ab1,H2-Q4,C3",1
"68","GO:0002683","negative regulation of immune system process",4.10290201643981e-08,1.34913072187639e-06,1.1972090249209e-06,"DOWN","Col3a1,Isg15,Tap1,Samhd1,Stat2,Bst2,Oas1a,Parp14,Tap2,Nlrc5,Oas3,Oas1g,Tapbpl,Irf1,Serping1,Trafd1,Clec2d,Cd74,H2-Aa,Lgals9,H2-Ab1,Lgals3",10
"69","GO:0060760","positive regulation of response to cytokine stimulus",6.39124570362456e-08,2.07113411497167e-06,1.83790971034818e-06,"DOWN","Irgm1,Zbp1,Irf7,Igtp,Parp14,Parp9,Nlrc5,Ifih1,Cd74",6
"70","GO:0031343","positive regulation of cell killing",7.18011093229832e-08,2.29353257780272e-06,2.03526452742591e-06,"DOWN","B2m,H2-T22,Tap2,H2-T23,Gm7030,H2-Q6,H2-K1,H2-Q7,H2-D1,H2-Q4",1
"71","GO:0002460","adaptive immune response based on somatic recombination of immune receptors built from immunoglobulin superfamily domains",9.11697297121223e-08,2.87120444558177e-06,2.54788644191772e-06,"DOWN","Irf7,B2m,H2-T22,Tap2,Rsad2,Irf1,Serping1,H2-T23,Gm7030,H2-Q6,H2-K1,Cd74,H2-Q7,H2-Aa,H2-D1,H2-Ab1,H2-Q4,C3",1
"72","GO:0002708","positive regulation of lymphocyte mediated immunity",1.1749914738119e-07,3.64900129922697e-06,3.23809784815123e-06,"DOWN","B2m,H2-T22,Tap2,Rsad2,H2-T23,Gm7030,H2-Q6,H2-K1,H2-Q7,H2-D1,H2-Q4,C3",1
"73","GO:0032728","positive regulation of interferon-beta production",1.26286197634085e-07,3.86816353301117e-06,3.43258085854724e-06,"DOWN","Isg15,Irf7,Oas1a,Oas3,Oas1g,Irf1,Ifih1,Hmgb2",4
"74","GO:0002822","regulation of adaptive immune response based on somatic recombination of immune receptors built from immunoglobulin superfamily domains",1.38585710748324e-07,4.18753580044936e-06,3.71598954140243e-06,"DOWN","B2m,H2-T22,Tap2,Rsad2,Irf1,H2-T23,Gm7030,H2-Q6,H2-K1,H2-Q7,H2-D1,H2-Ab1,H2-Q4,C3",1
"75","GO:0045089","positive regulation of innate immune response",1.43362994682004e-07,4.22522316492095e-06,3.74943304108652e-06,"DOWN","Irgm1,Zbp1,Irf7,Igtp,Parp9,Nlrc5,Ifi203,Ifi35,Gbp5,Cd74,Lgals9,Hmgb2",7
"76","GO:0045069","regulation of viral genome replication",1.43612236374773e-07,4.22522316492095e-06,3.74943304108652e-06,"DOWN","Isg15,Oasl2,Ifitm3,Bst2,Oas1a,Rsad2,Oas3,Oas1g,Ifih1,Eif2ak2",9
"77","GO:0002703","regulation of leukocyte mediated immunity",1.93611674618972e-07,5.62228187594833e-06,4.98917302333236e-06,"DOWN","Tap1,B2m,Bst2,H2-T22,Tap2,Rsad2,H2-T23,Gm7030,H2-Q6,H2-K1,Clec2d,H2-Q7,Lgals9,H2-D1,H2-Q4,C3",1
"78","GO:0032481","positive regulation of type I interferon production",2.37602081289474e-07,6.81125966363159e-06,6.0442634713989e-06,"DOWN","Stat1,Isg15,Irf7,Oas1a,Oas3,Oas1g,Irf1,Ifih1,Hmgb2",4
"79","GO:0015980","energy derivation by oxidation of organic compounds",2.42330084328401e-07,6.85886162732032e-06,6.08650511604312e-06,"DOWN","Atp5e,Cox7c,Cox7a2,Atp5j2,Atp5k,Uqcrb,Ndufa5,Uqcc2,Uqcr10,Ndufv3,Oas1a,Oas1g,Uqcrq,Cox5b,Ndufa7,Uqcrh,Nupr1",2
"80","GO:0006091","generation of precursor metabolites and energy",2.72272956608315e-07,7.61002913720242e-06,6.75308583166677e-06,"DOWN","Atp5e,Cox7c,Cox7a2,Atp5j2,Cox17,Atp5k,Uqcrb,Ndufa5,Uqcc2,Uqcr10,Ndufv3,Oas1a,Oas1g,Uqcrq,Cox5b,Ndufa4,Ndufa7,Slc2a6,Uqcrh,Nupr1",2
"81","GO:0002699","positive regulation of immune effector process",2.99089693182746e-07,8.25635251798297e-06,7.3266286114292e-06,"DOWN","Tek,B2m,H2-T22,Tap2,Rsad2,Irf1,Ddx60,H2-T23,Gm7030,H2-Q6,H2-K1,Cd74,H2-Q7,H2-D1,H2-Q4,C3",1
"82","GO:0002396","MHC protein complex assembly",3.31371380760904e-07,8.9331508263536e-06,7.92721462558918e-06,"DOWN","Tapbp,B2m,Tapbpl,H2-Aa,H2-Ab1",3
"83","GO:0001961","positive regulation of cytokine-mediated signaling pathway",3.315972802269e-07,8.9331508263536e-06,7.92721462558918e-06,"DOWN","Irgm1,Zbp1,Irf7,Igtp,Parp14,Parp9,Nlrc5,Cd74",6
"84","GO:0031348","negative regulation of defense response",3.66403154449293e-07,9.75330301605498e-06,8.65501185635234e-06,"DOWN","Isg15,Tap1,Samhd1,Stat2,Oas1a,Parp14,Tap2,Nlrc5,Oas3,Oas1g,Serping1,Trafd1,Clec2d,Lgals9",7
"85","GO:0002833","positive regulation of response to biotic stimulus",3.72612230044793e-07,9.80189348682538e-06,8.69813069516328e-06,"DOWN","Irgm1,Zbp1,Irf7,Igtp,Parp9,Nlrc5,Ifi203,Ddx60,Ifi35,Gbp5,Cd74,Lgals9,Hmgb2",7
"86","GO:0002456","T cell mediated immunity",5.5151165815122e-07,1.43393031119317e-05,1.27245957847619e-05,"DOWN","B2m,H2-T22,Tap2,Rsad2,H2-T23,Gm7030,H2-Q6,H2-K1,H2-Q7,H2-D1,H2-Q4",1
"87","GO:0001960","negative regulation of cytokine-mediated signaling pathway",5.5821281405388e-07,1.43467109451089e-05,1.27311694433341e-05,"DOWN","Isg15,Samhd1,Stat2,Oas1a,Parp14,Nlrc5,Oas3,Oas1g",6
"88","GO:0010257","NADH dehydrogenase complex assembly",6.58486315921056e-07,1.65435438471852e-05,1.46806233650052e-05,"DOWN","Ndufa3,Ndufc1,Ndufa5,Ndufa2,Ndufb2,Ndufb4,Ndufa1,Ndufa6",11
"89","GO:0032981","mitochondrial respiratory chain complex I assembly",6.58486315921056e-07,1.65435438471852e-05,1.46806233650052e-05,"DOWN","Ndufa3,Ndufc1,Ndufa5,Ndufa2,Ndufb2,Ndufb4,Ndufa1,Ndufa6",11
"90","GO:0002705","positive regulation of leukocyte mediated immunity",9.24092469987796e-07,2.29585640321412e-05,2.03732667359883e-05,"DOWN","B2m,H2-T22,Tap2,Rsad2,H2-T23,Gm7030,H2-Q6,H2-K1,H2-Q7,H2-D1,H2-Q4,C3",1
"91","GO:0032479","regulation of type I interferon production",9.51209002298992e-07,2.33725640564895e-05,2.07406474185495e-05,"DOWN","Stat1,Isg15,Irf7,Gbp4,Oas1a,Oas3,Oas1g,Irf1,Ifih1,Hmgb2",4
"92","GO:0060761","negative regulation of response to cytokine stimulus",1.05664269861508e-06,2.5681011675036e-05,2.27891474472474e-05,"DOWN","Isg15,Samhd1,Stat2,Oas1a,Parp14,Nlrc5,Oas3,Oas1g",6
"93","GO:0032606","type I interferon production",1.17086202105745e-06,2.81510481621985e-05,2.49810402908126e-05,"DOWN","Stat1,Isg15,Irf7,Gbp4,Oas1a,Oas3,Oas1g,Irf1,Ifih1,Hmgb2",4
"94","GO:0060330","regulation of response to interferon-gamma",1.38340335502028e-06,3.25609463350036e-05,2.88943526228612e-05,"DOWN","Irgm1,Igtp,Parp14,Parp9,Nlrc5",12
"95","GO:0060334","regulation of interferon-gamma-mediated signaling pathway",1.38340335502028e-06,3.25609463350036e-05,2.88943526228612e-05,"DOWN","Irgm1,Igtp,Parp14,Parp9,Nlrc5",12
"96","GO:0042773","ATP synthesis coupled electron transport",1.42332177383448e-06,3.28097678999371e-05,2.91151551131633e-05,"DOWN","Cox7c,Uqcrb,Uqcr10,Ndufv3,Uqcrq,Cox5b,Ndufa7,Uqcrh",2
"97","GO:0042775","mitochondrial ATP synthesis coupled electron transport",1.42332177383448e-06,3.28097678999371e-05,2.91151551131633e-05,"DOWN","Cox7c,Uqcrb,Uqcr10,Ndufv3,Uqcrq,Cox5b,Ndufa7,Uqcrh",2
"98","GO:0031349","positive regulation of defense response",1.60161504919719e-06,3.62818940878217e-05,3.2196295243171e-05,"DOWN","Irgm1,Zbp1,Irf7,Igtp,Parp9,Nlrc5,Ifi203,Ifi35,Gbp5,Cd74,Lgals9,Nupr1,Ptgs2,Hmgb2,C3",7
"99","GO:0002250","adaptive immune response",1.60639870961286e-06,3.62818940878217e-05,3.2196295243171e-05,"DOWN","Tap1,Irf7,B2m,H2-T22,Tap2,Rsad2,Irf1,Serping1,H2-T23,Gm7030,H2-Q6,H2-K1,Cd74,H2-Q7,H2-Aa,H2-D1,H2-Ab1,H2-Q4,C3",1
"100","GO:0022904","respiratory electron transport chain",1.71589158374658e-06,3.83673358125735e-05,3.40469014248664e-05,"DOWN","Cox7c,Uqcrb,Ndufa5,Uqcr10,Ndufv3,Uqcrq,Cox5b,Ndufa7,Uqcrh",2
"101","GO:0050792","regulation of viral process",1.84808046590006e-06,4.09139398193319e-05,3.63067397417572e-05,"DOWN","Stat1,Isg15,Oasl2,Ifitm3,Bst2,Oas1a,Rsad2,Oas3,Oas1g,Ifih1,Eif2ak2,Cd74",9
"102","GO:0035457","cellular response to interferon-alpha",2.04949718845264e-06,4.49281932684323e-05,3.98689597547288e-05,"DOWN","Ifit1,Oas1a,Ifit3,Oas1g,Ifit2",NA
"103","GO:0002221","pattern recognition receptor signaling pathway",2.47252015648067e-06,5.30021713698481e-05,4.70337506035983e-05,"DOWN","Irgm1,Irf7,Igtp,Oas1a,Rsad2,Oas3,Oas1g,Irf1,Ifih1,Ddx60,Ifi35,Lgals9",13
"104","GO:0032608","interferon-beta production",2.48892128525673e-06,5.30021713698481e-05,4.70337506035983e-05,"DOWN","Isg15,Irf7,Oas1a,Oas3,Oas1g,Irf1,Ifih1,Hmgb2",4
"105","GO:0032648","regulation of interferon-beta production",2.48892128525673e-06,5.30021713698481e-05,4.70337506035983e-05,"DOWN","Isg15,Irf7,Oas1a,Oas3,Oas1g,Irf1,Ifih1,Hmgb2",4
"106","GO:1903900","regulation of viral life cycle",2.6865567101019e-06,5.6671139658376e-05,5.02895670163067e-05,"DOWN","Isg15,Oasl2,Ifitm3,Bst2,Oas1a,Rsad2,Oas3,Oas1g,Ifih1,Eif2ak2,Cd74",9
"107","GO:0044406","adhesion of symbiont to host",2.94431006442052e-06,6.15278252714418e-05,5.45993553510347e-05,"DOWN","Gbp2,Gbp3,Gbp7,Gbp6,Gbp9",NA
"108","GO:0019646","aerobic electron transport chain",3.43270986985368e-06,7.10698080462299e-05,6.30668431254794e-05,"DOWN","Cox7c,Uqcrb,Uqcr10,Uqcrq,Cox5b,Ndufa7,Uqcrh",2
"109","GO:0022900","electron transport chain",3.69458537078557e-06,7.57898430190508e-05,6.72553686521565e-05,"DOWN","Cox7c,Uqcrb,Ndufa5,Uqcr10,Ndufv3,Uqcrq,Cox5b,Ndufa7,Uqcrh",2
"110","GO:0019079","viral genome replication",5.18202499621049e-06,0.000105336435377515,9.34748049555672e-05,"DOWN","Isg15,Oasl2,Ifitm3,Bst2,Oas1a,Rsad2,Oas3,Oas1g,Ifih1,Eif2ak2",9
"111","GO:0002501","peptide antigen assembly with MHC protein complex",1.01246477775728e-05,0.000202131360987972,0.000179369934781248,"DOWN","B2m,Tapbpl,H2-Aa,H2-Ab1",3
"112","GO:0060700","regulation of ribonuclease activity",1.01246477775728e-05,0.000202131360987972,0.000179369934781248,"DOWN","Oasl2,Oas1a,Oas3,Oas1g",9
"113","GO:0032069","regulation of nuclease activity",1.28918105305572e-05,0.000255098126958637,0.00022637226688496,"DOWN","Oasl2,Oas1a,Oas3,Oas1g,Hmgb2",9
"114","GO:0002237","response to molecule of bacterial origin",1.66905708956129e-05,0.000327369443180617,0.000290505319835921,"DOWN","Gbp2,Stat1,Irgm1,Cxcl9,Igtp,Gbp6,Gbp10,B2m,Tap2,Cxcl10,Eif2ak2,Lgals9,Ptgs2,Hmgb2",5
"115","GO:0032103","positive regulation of response to external stimulus",2.46048762406489e-05,0.000478404376296443,0.000424532647264285,"DOWN","Irgm1,Zbp1,Irf7,Igtp,Parp9,Nlrc5,Ifi203,Ddx60,Ifi35,Cxcl10,Gbp5,Cd74,Lgals9,Nupr1,Ptgs2,Hmgb2,C3",7
"116","GO:0001819","positive regulation of cytokine production",3.4243627395055e-05,0.000660075438408129,0.00058574625807331,"DOWN","Tek,Stat1,Isg15,Irf7,B2m,Oas1a,Rsad2,Oas3,Oas1g,Irf1,Ifih1,Gbp5,Eif2ak2,Cd74,Lgals9,Ptgs2,Hmgb2,C3",8
"117","GO:0032496","response to lipopolysaccharide",3.68534206454302e-05,0.000704309816779334,0.000624999531413729,"DOWN","Gbp2,Stat1,Irgm1,Cxcl9,Igtp,Gbp6,Gbp10,B2m,Cxcl10,Eif2ak2,Lgals9,Ptgs2,Hmgb2",5
"118","GO:0045953","negative regulation of natural killer cell mediated cytotoxicity",4.60055226594933e-05,0.00087176566666633,0.000773598663810391,"DOWN","Tap1,Tap2,Clec2d,Lgals9",10
"119","GO:0002716","negative regulation of natural killer cell mediated immunity",6.198953192169e-05,0.00116477809560419,0.00103361581311265,"DOWN","Tap1,Tap2,Clec2d,Lgals9",10
"120","GO:0002698","negative regulation of immune effector process",8.38991244799191e-05,0.00156332035280916,0.00138727938284779,"DOWN","Tap1,Bst2,Tap2,Irf1,Serping1,Clec2d,Lgals9,Lgals3",10
"121","GO:0007005","mitochondrion organization",8.49109640649648e-05,0.00156909847644018,0.00139240684873822,"DOWN","Tomm7,Ndufa3,Cox7a2,Ndufc1,Cox17,Slirp,Romo1,Ndufa5,Ndufa2,Stat2,Uqcc2,Atpif1,Pet100,Ndufb2,Ndufb4,Ndufa1,Cox20,Ndufa6,Jun",11
"122","GO:0050829","defense response to Gram-negative bacterium",9.29826910684136e-05,0.00169031948966645,0.00149997751530988,"DOWN","Irgm1,Iigp1,Igtp,Romo1,B2m,Hmgb2",5
"123","GO:0061844","antimicrobial humoral immune response mediated by antimicrobial peptide",9.29826910684136e-05,0.00169031948966645,0.00149997751530988,"DOWN","Cxcl9,Romo1,Fau,B2m,Cxcl10,Lgals3",5
"124","GO:0002577","regulation of antigen processing and presentation",0.000105533305870847,0.00185805096005679,0.00164882123138455,"DOWN","Tap2,Tapbpl,Cd74,H2-Ab1",3
"125","GO:0015985","energy coupled proton transport, down electrochemical gradient",0.000105533305870847,0.00185805096005679,0.00164882123138455,"DOWN","Atp5e,Atp5j2,Atp5k,Atp5l",2
"126","GO:0015986","ATP synthesis coupled proton transport",0.000105533305870847,0.00185805096005679,0.00164882123138455,"DOWN","Atp5e,Atp5j2,Atp5k,Atp5l",2
"127","GO:0019886","antigen processing and presentation of exogenous peptide antigen via MHC class II",0.000105533305870847,0.00185805096005679,0.00164882123138455,"DOWN","B2m,Cd74,H2-Aa,H2-Ab1",3
"128","GO:0016032","viral process",0.00014241574402898,0.00248782502850625,0.00220767826887029,"DOWN","Stat1,Zbp1,Isg15,Oasl2,Ifitm3,Bst2,Oas1a,Rsad2,Oas3,Oas1g,Ifih1,Eif2ak2,Cd74,Jun",9
"129","GO:0032102","negative regulation of response to external stimulus",0.000158565296463826,0.00274846513870631,0.00243896845234036,"DOWN","Isg15,Tap1,Samhd1,Stat2,Oas1a,Parp14,Tap2,Nlrc5,Oas3,Oas1g,Serping1,Trafd1,Clec2d,Lgals9",7
"130","GO:0002495","antigen processing and presentation of peptide antigen via MHC class II",0.000167815841297991,0.00288643247032544,0.00256139968296933,"DOWN","B2m,Cd74,H2-Aa,H2-Ab1",3
"131","GO:0032722","positive regulation of chemokine production",0.000197641059447815,0.00337347640401004,0.00299359901212641,"DOWN","Oas1a,Oas3,Oas1g,Eif2ak2,Cd74,Lgals9",8
"132","GO:0001911","negative regulation of leukocyte mediated cytotoxicity",0.000207283594944252,0.00345885162906976,0.00306936038075346,"DOWN","Tap1,Tap2,Clec2d,Lgals9",10
"133","GO:0072567","chemokine (C-X-C motif) ligand 2 production",0.000207283594944252,0.00345885162906976,0.00306936038075346,"DOWN","Oas1a,Oas3,Oas1g,Cd74",8
"134","GO:2000341","regulation of chemokine (C-X-C motif) ligand 2 production",0.000207283594944252,0.00345885162906976,0.00306936038075346,"DOWN","Oas1a,Oas3,Oas1g,Cd74",8
"135","GO:0006959","humoral immune response",0.000218288649499409,0.00361550681689392,0.00320837508231101,"DOWN","Cxcl9,Romo1,Fau,B2m,Serping1,Cxcl10,Cfb,C3,Lgals3",5
"136","GO:0002504","antigen processing and presentation of peptide or polysaccharide antigen via MHC class II",0.00025302283833571,0.00415999313616653,0.00369154837664717,"DOWN","B2m,Cd74,H2-Aa,H2-Ab1",3
"137","GO:0019058","viral life cycle",0.000341789407381915,0.00557840229858366,0.00495023459788636,"DOWN","Isg15,Oasl2,Ifitm3,Bst2,Oas1a,Rsad2,Oas3,Oas1g,Ifih1,Eif2ak2,Cd74",9
"138","GO:0031342","negative regulation of cell killing",0.000365544589535879,0.00592288190001612,0.0052559233506875,"DOWN","Tap1,Tap2,Clec2d,Lgals9",10
"139","GO:0061635","regulation of protein complex stability",0.000383390961319261,0.00616735388136595,0.00547286605139574,"DOWN","Irgm1,Igtp,Tapbp",NA
"140","GO:0032647","regulation of interferon-alpha production",0.000433464395190268,0.00692304562603886,0.00614346154085456,"DOWN","Stat1,Irf7,Gbp4,Ifih1",4
"141","GO:0098586","cellular response to virus",0.000448918352950272,0.00711901728508374,0.00631736539986012,"DOWN","Irgm1,Igtp,Oas3,Ifih1,Ddx60,Lgals9",4
"142","GO:0043467","regulation of generation of precursor metabolites and energy",0.000488062848445298,0.00768527133185694,0.00681985522104808,"DOWN","Cox7a2,Cox17,Uqcc2,Oas1a,Oas1g,Ndufa4,Slc2a6,Nupr1",2
"143","GO:0032607","interferon-alpha production",0.00050992752198269,0.00797341216191115,0.00707554934808517,"DOWN","Stat1,Irf7,Gbp4,Ifih1",4
"144","GO:0140289","protein mono-ADP-ribosylation",0.000521267269669504,0.00809412232625703,0.00718266669098696,"DOWN","Parp12,Parp14,Parp9",NA
"145","GO:0019730","antimicrobial humoral response",0.000619569889022973,0.00955419497831288,0.00847832479715648,"DOWN","Cxcl9,Romo1,Fau,B2m,Cxcl10,Lgals3",5
"146","GO:0071222","cellular response to lipopolysaccharide",0.000633135042118542,0.00969650653545931,0.00860461106267809,"DOWN","Gbp2,Stat1,Irgm1,Cxcl9,Igtp,Gbp6,Gbp10,B2m,Cxcl10",5
"147","GO:0044403","biological process involved in symbiotic interaction",0.000772069731187693,0.0117438633941203,0.0104214210045743,"DOWN","Gbp2,Gbp3,Irgm1,Gbp7,Gbp6,Romo1,Gbp9,Ifitm3,Cd74,Jun",NA
"148","GO:1902600","proton transmembrane transport",0.000777636176343661,0.0117486114209758,0.010425634369899,"DOWN","Atp5e,Atp5j2,Cox17,Atp5k,Atp5l,Ndufa4",2
"149","GO:0002753","cytoplasmic pattern recognition receptor signaling pathway",0.000855257054856404,0.01283459580308,0.0113893292010196,"DOWN","Irgm1,Igtp,Oas3,Ifih1,Ddx60",4
"150","GO:0071219","cellular response to molecule of bacterial origin",0.0008669008765173,0.0129226023992845,0.0114674256297201,"DOWN","Gbp2,Stat1,Irgm1,Cxcl9,Igtp,Gbp6,Gbp10,B2m,Cxcl10",5
"151","GO:0042776","mitochondrial ATP synthesis coupled proton transport",0.000883456067183466,0.0129961037251463,0.0115326501844933,"DOWN","Atp5e,Atp5j2,Atp5k",2
"152","GO:0060340","positive regulation of type I interferon-mediated signaling pathway",0.000883456067183466,0.0129961037251463,0.0115326501844933,"DOWN","Zbp1,Irf7,Nlrc5",6
"153","GO:0002224","toll-like receptor signaling pathway",0.000923458019083162,0.0134957655599343,0.0119760465495133,"DOWN","Irf7,Oas1a,Rsad2,Oas1g,Irf1,Ifi35,Lgals9",13
"154","GO:0043457","regulation of cellular respiration",0.000938692697030635,0.0136293303283149,0.0120945709767789,"DOWN","Cox7a2,Uqcc2,Oas1a,Oas1g,Nupr1",2
"155","GO:0002764","immune response-regulating signaling pathway",0.00107515051163477,0.0155099131871958,0.0137633868552227,"DOWN","Irgm1,Irf7,Igtp,Oas1a,Rsad2,Oas3,Oas1g,Irf1,Ifih1,Ddx60,Ifi35,Lgals9,Lgals3",13
"156","GO:0071639","positive regulation of monocyte chemotactic protein-1 production",0.00111185167023546,0.0159365406067083,0.0141419729986089,"DOWN","Oas1a,Oas3,Oas1g",8
"157","GO:0000387","spliceosomal snRNP assembly",0.00118114745923275,0.0166744725303664,0.0147968085489788,"DOWN","Snrpg,Snrpf,Snrpe,Snrpd2",NA
"158","GO:0017004","cytochrome complex assembly",0.00118114745923275,0.0166744725303664,0.0147968085489788,"DOWN","Cox17,Uqcc2,Pet100,Cox20",11
"159","GO:0032642","regulation of chemokine production",0.00118570712537042,0.0166744725303664,0.0147968085489788,"DOWN","Oas1a,Oas3,Oas1g,Eif2ak2,Cd74,Lgals9",8
"160","GO:0002704","negative regulation of leukocyte mediated immunity",0.00144957592288423,0.0202578235223071,0.017976648780505,"DOWN","Tap1,Bst2,Tap2,Clec2d,Lgals9",10
"161","GO:0032602","chemokine production",0.00153744073177153,0.0213522824611251,0.0189478638730914,"DOWN","Oas1a,Oas3,Oas1g,Eif2ak2,Cd74,Lgals9",8
"162","GO:0016064","immunoglobulin mediated immune response",0.0015950380531317,0.0220154634987808,0.0195363660178899,"DOWN","Irf7,B2m,Serping1,Cd74,H2-Aa,H2-Ab1,C3",1
"163","GO:0019724","B cell mediated immunity",0.00167888385069406,0.0230305784671896,0.0204371718344094,"DOWN","Irf7,B2m,Serping1,Cd74,H2-Aa,H2-Ab1,C3",1
"164","GO:0071216","cellular response to biotic stimulus",0.0019425100968949,0.0264844669308354,0.0235021279373998,"DOWN","Gbp2,Stat1,Irgm1,Cxcl9,Igtp,Gbp6,Gbp10,B2m,Cxcl10",5
"165","GO:0051259","protein complex oligomerization",0.00209188301867567,0.0283481844227806,0.0251559776089547,"DOWN","Isg15,Samhd1,Rnf213,B2m,Oas1a,Col1a2,Oas1g,Gbp5,Cd74",NA
"166","GO:0042269","regulation of natural killer cell mediated cytotoxicity",0.00255057555403915,0.0343559454146478,0.030487222063182,"DOWN","Tap1,Tap2,Clec2d,Lgals9",1
"167","GO:0032727","positive regulation of interferon-alpha production",0.00279869628596701,0.0368110876201307,0.0326658978269214,"DOWN","Stat1,Irf7,Ifih1",4
"168","GO:0033617","mitochondrial cytochrome c oxidase assembly",0.00279869628596701,0.0368110876201307,0.0326658978269214,"DOWN","Cox17,Pet100,Cox20",11
"169","GO:0071276","cellular response to cadmium ion",0.00279869628596701,0.0368110876201307,0.0326658978269214,"DOWN","Mt2,Mt1,Jun",NA
"170","GO:1901857","positive regulation of cellular respiration",0.00279869628596701,0.0368110876201307,0.0326658978269214,"DOWN","Oas1a,Oas1g,Nupr1",2
"171","GO:0031640","killing of cells of other organism",0.0030841441886507,0.0403283415545203,0.0357870839988093,"DOWN","Cxcl9,Romo1,Cxcl10,Lgals3",5
"172","GO:0071605","monocyte chemotactic protein-1 production",0.0032560044079122,0.042083386451397,0.0373444983809827,"DOWN","Oas1a,Oas3,Oas1g",8
"173","GO:0071637","regulation of monocyte chemotactic protein-1 production",0.0032560044079122,0.042083386451397,0.0373444983809827,"DOWN","Oas1a,Oas3,Oas1g",8
"174","GO:0002715","regulation of natural killer cell mediated immunity",0.00337747335933871,0.0434024737441457,0.0385150470801783,"DOWN","Tap1,Tap2,Clec2d,Lgals9",1
"175","GO:0002082","regulation of oxidative phosphorylation",0.00375650133617494,0.047455011229871,0.0421112400754669,"DOWN","Cox7a2,Uqcc2,Nupr1",2
"176","GO:0032682","negative regulation of chemokine production",0.00375650133617494,0.047455011229871,0.0421112400754669,"DOWN","Oas1a,Oas3,Oas1g",8
"177","GO:0034138","toll-like receptor 3 signaling pathway",0.00375650133617494,0.047455011229871,0.0421112400754669,"DOWN","Oas1a,Oas1g,Lgals9",13
"178","GO:0008535","respiratory chain complex IV assembly",0.00430138233575155,0.0540330949592161,0.0479485848781294,"DOWN","Cox17,Pet100,Cox20",11
"179","GO:0002707","negative regulation of lymphocyte mediated immunity",0.00437013929083213,0.0545901198564282,0.0484428848175159,"DOWN","Tap1,Tap2,Clec2d,Lgals9",1
