"","V1"
"1","2410006H16Rik"
"2","Apol9a"
"3","Apol9b"
"4","Bst2"
"5","C3"
"6","Cfb"
"7","Col1a1"
"8","Col1a2"
"9","Cxcl10"
"10","Cxcl9"
"11","Ddx24"
"12","Ddx60"
"13","Dtx3l"
"14","Eif2ak2"
"15","Elf3"
"16","Fxyd3"
"17","Gbp10"
"18","Gbp2"
"19","Gbp3"
"20","Gbp4"
"21","Gbp5"
"22","Gbp6"
"23","Gbp7"
"24","Gbp8"
"25","Gbp9"
"26","Gm4951"
"27","H2-D1"
"28","H2-K1"
"29","H2-Q4"
"30","H2-Q6"
"31","H2-Q7"
"32","H2-T22"
"33","H2-T23"
"34","Herc6"
"35","Hist1h2ae"
"36","Id3"
"37","Ifi202b"
"38","Ifi35"
"39","Ifi44"
"40","Ifi47"
"41","Ifih1"
"42","Ifit1"
"43","Ifit3"
"44","Ifit3b"
"45","Ifitm3"
"46","Igtp"
"47","Iigp1"
"48","Irf7"
"49","Irgm1"
"50","Irgm2"
"51","Isg15"
"52","Jun"
"53","Lgals3bp"
"54","Lgals9"
"55","Ly6a"
"56","Ly6c1"
"57","Mitd1"
"58","Mt2"
"59","Oas1a"
"60","Oas1g"
"61","Oas3"
"62","Oasl2"
"63","Parp12"
"64","Parp14"
"65","Parp9"
"66","Phf11d"
"67","Psmb8"
"68","Psmb9"
"69","Rsad2"
"70","Rtp4"
"71","Slc2a6"
"72","Stat1"
"73","Stat2"
"74","Tagln"
"75","Tap1"
"76","Tgtp1"
"77","Tgtp2"
"78","Trafd1"
"79","Ubd"
"80","Ube2l6"
"81","Usp18"
"82","Xaf1"
"83","Zbp1"
"84","Znfx1"
